Strategy,Races,Wagered,Profit,ROI%,Hits,HitRate%,AvgPay,CostPerRace
K1W8_FS10-11+Gap15+CD,485,101850,13307.0,13.07,162,33.4,711.0,210.0
K1W8_KEE+MidLate+Wet,364,76440,9800.0,12.82,98,26.92,880.0,210.0
K1W8_FS10-12+Gap15+CD,712,149520,4079.0,2.73,208,29.21,738.0,210.0
K1W8_KEE+BigPool+Wet,474,99540,2372.0,2.38,122,25.74,835.0,210.0
K1W8_KEE+Wet,498,104580,1668.0,1.6,129,25.9,824.0,210.0
K1W8_FS10-11+Dirt+CD,1381,290010,-745.0,-0.26,324,23.46,893.0,210.0
K1W8_KEE+Dirt+Gap15,571,119910,-705.0,-0.59,201,35.2,593.0,210.0
K1W8_FS10-12+Dirt+CD,2058,432180,-6621.0,-1.53,432,20.99,985.0,210.0
K1W8_KEE+FS10-11+Dirt,774,162540,-2845.0,-1.75,174,22.48,918.0,210.0
K1W8_FavVStr+FS10-11+Dirt,704,147840,-3676.0,-2.49,306,43.47,471.0,210.0
K1W8_FS10-11+MidLate+CD,1541,323610,-11885.0,-3.67,347,22.52,898.0,210.0
K1W8_KEE+Sprint+BigPool,1396,293160,-14216.0,-4.85,363,26.0,768.0,210.0
K1W8_FS10-12+MidLate+CD,2283,479430,-23659.0,-4.93,468,20.5,974.0,210.0
K1W8_CD_FS10-11,1915,402150,-21924.0,-5.45,433,22.61,878.0,210.0
K1W8_FS10-12+FS10-11+CD,1915,402150,-21924.0,-5.45,433,22.61,878.0,210.0
K1W8_CD+FS10-11,1915,402150,-21924.0,-5.45,433,22.61,878.0,210.0
K1W8_KEE+FS10-12+Gap15,475,99750,-5542.0,-5.56,116,24.42,812.0,210.0
K1W8_BigPool+Gap15+CD,986,207060,-11663.0,-5.63,347,35.19,563.0,210.0
K1W8_KEE+FS10-11+BigPool,1068,224280,-13146.0,-5.86,235,22.0,898.0,210.0
K1W8_KEE+FS10-11+Sprint,595,124950,-7352.0,-5.88,137,23.03,858.0,210.0
K1W8_FS10-12+FavVStr+Dirt,894,187740,-11130.0,-5.93,360,40.27,491.0,210.0
K1W8_KEE+FS10-12+Wet,311,65310,-3904.0,-5.98,65,20.9,945.0,210.0
K1W8_KEE+BigPool+Gap15,773,162330,-9905.0,-6.1,251,32.47,607.0,210.0
K1W8_KEE+FS10-11+Gap15,283,59430,-3673.0,-6.18,76,26.86,734.0,210.0
K1W8_CD+FS10-12,2857,599970,-37667.0,-6.28,588,20.58,956.0,210.0
K1W8_CD_FS10-12,2857,599970,-37667.0,-6.28,588,20.58,956.0,210.0
K1W8_FavVStr+FS10-11+MidLate,796,167160,-11300.0,-6.76,337,42.34,462.0,210.0
K1W8_FS10-11+Gap15+Wet,673,141330,-9902.0,-7.01,196,29.12,671.0,210.0
K1W8_KEE_FS10-11,1116,234360,-16708.0,-7.13,244,21.86,892.0,210.0
K1W8_KEE+FS10-11,1116,234360,-16708.0,-7.13,244,21.86,892.0,210.0
K1W8_KEE+FS10-12+FS10-11,1116,234360,-16708.0,-7.13,244,21.86,892.0,210.0
K1W8_FS10-12+Sprint+CD,1440,302400,-21923.0,-7.25,291,20.21,964.0,210.0
K1W8_FS10-12+Gap15+Wet,896,188160,-13767.0,-7.32,255,28.46,684.0,210.0
K1W8_FavVStr+FS10-11+BigPool,934,196140,-15125.0,-7.71,398,42.61,455.0,210.0
K1W8_KEE+Sprint,1529,321090,-24892.0,-7.75,395,25.83,750.0,210.0
K1W8_FavVStr+FS10-11+Gap15,1085,227850,-18692.0,-8.2,455,41.94,460.0,210.0
K1W8_KEE+BigPool+Dirt,1811,380310,-31552.0,-8.3,467,25.79,747.0,210.0
K1W8_KEE+FS10-12+Dirt,1111,233310,-19412.0,-8.32,229,20.61,934.0,210.0
K1W8_FS10-11+FavVStr,1087,228270,-19112.0,-8.37,455,41.86,460.0,210.0
K1W8_FS10-12+FavVStr+FS10-11,1087,228270,-19112.0,-8.37,455,41.86,460.0,210.0
K1W8_KEE+FS10-12+Sprint,896,188160,-16240.0,-8.63,193,21.54,891.0,210.0
K1W8_FS10-11+Dirt+Gap15,2764,580440,-50639.0,-8.72,844,30.54,628.0,210.0
K1W8_KEE+Sprint+MidLate,927,194670,-17217.0,-8.84,229,24.7,775.0,210.0
K1W8_KEE+Gap15,835,175350,-15635.0,-8.92,272,32.57,587.0,210.0
K1W8_FavVStr+FS10-11+Sprint,584,122640,-11051.0,-9.01,232,39.73,481.0,210.0
K1W8_KEE+FS10-11+MidLate,765,160650,-14792.0,-9.21,163,21.31,895.0,210.0
K1W8_FS10-12+BigPool+CD,2067,434070,-40719.0,-9.38,419,20.27,939.0,210.0
K1W8_FS10-11+Sprint+CD,946,198660,-18996.0,-9.56,216,22.83,832.0,210.0
K1W8_FavVStr+BigPool+CD,277,58170,-5662.0,-9.73,137,49.46,383.0,210.0
K1W8_FS10-12+FavVStr+Sprint,758,159180,-15723.0,-9.88,281,37.07,511.0,210.0
K1W8_KEE+FS10-12+BigPool,1781,374010,-37368.0,-9.99,356,19.99,946.0,210.0
K1W8_MidLate+Gap15+CD,1207,253470,-26378.0,-10.41,416,34.47,546.0,210.0
K1W8_FavVStr+MidLate+CD,304,63840,-6698.0,-10.49,157,51.64,364.0,210.0
K1W8_MidLate+Dirt+CD,3199,671790,-71030.0,-10.57,831,25.98,723.0,210.0
K1W8_OP_FS10-11,1996,419160,-44688.0,-10.66,454,22.75,825.0,210.0
K1W8_KEE+Sprint+Dirt,1327,278670,-30048.0,-10.78,338,25.47,736.0,210.0
K1W8_Sprint+MidLate+CD,2076,435960,-47578.0,-10.91,526,25.34,738.0,210.0
K1W8_FS10-11+MidLate+Gap15,3609,757890,-84659.0,-11.17,1096,30.37,614.0,210.0
K1W8_KEE+Dirt,2026,425460,-47655.0,-11.2,520,25.67,727.0,210.0
K1W8_FS10-12+Dirt+Gap15,3646,765660,-87258.0,-11.4,1055,28.94,643.0,210.0
K1W8_KEE+BigPool,2811,590310,-67463.0,-11.43,680,24.19,769.0,210.0
K1W8_FS10-11+Gap15,4744,996240,-113903.0,-11.43,1453,30.63,607.0,210.0
K1W8_FS10-12+FS10-11+Gap15,4744,996240,-113903.0,-11.43,1453,30.63,607.0,210.0
K1W8_BigPool+Dirt+CD,2423,508830,-58454.0,-11.49,608,25.09,741.0,210.0
K1W8_KEE_FS10-12,1849,388290,-44695.0,-11.51,366,19.79,939.0,210.0
K1W8_KEE+FS10-12,1849,388290,-44695.0,-11.51,366,19.79,939.0,210.0
K1W8_Sprint+BigPool+CD,1578,331380,-38637.0,-11.66,373,23.64,785.0,210.0
K1W8_FS10-11+BigPool+CD,1312,275520,-32389.0,-11.76,294,22.41,827.0,210.0
K1W8_Dirt+Gap15+CD,1327,278670,-32801.0,-11.77,481,36.25,511.0,210.0
K1W8_FS10-12+FavVStr+MidLate,1012,212520,-25605.0,-12.05,398,39.33,470.0,210.0
K1W8_OP_FS10-12,3013,632730,-76285.0,-12.06,611,20.28,911.0,210.0
K1W8_Gap15+CD+Wet,241,50610,-6109.0,-12.07,80,33.2,556.0,210.0
K1W8_Dirt+Gap15+Wet,1531,321510,-39458.0,-12.27,586,38.28,481.0,210.0
K1W8_CD+Gap15,1640,344400,-42279.0,-12.28,579,35.3,522.0,210.0
K1W8_CD+MidLate,4302,903420,-110914.0,-12.28,1069,24.85,741.0,210.0
K1W8_FS10-12+FavVStr+Gap15,1398,293580,-36308.0,-12.37,540,38.63,476.0,210.0
K1W8_FS10-12+FavVStr,1400,294000,-36728.0,-12.49,540,38.57,476.0,210.0
K1W8_FS10-11+BigPool+Gap15,4026,845460,-107161.0,-12.67,1238,30.75,596.0,210.0
K1W8_KEE_Spring,1240,260400,-33338.0,-12.8,316,25.48,719.0,210.0
K1W8_FS10-12+MidLate+Gap15,4892,1027320,-131882.0,-12.84,1391,28.43,644.0,210.0
K1W8_KEE+MidLate+BigPool,1975,414750,-53521.0,-12.9,459,23.24,787.0,210.0
K1W8_KEE+MidLate+Dirt,1178,247380,-31930.0,-12.91,290,24.62,743.0,210.0
K1W8_FS10-12+Gap15,6436,1351560,-176823.0,-13.08,1847,28.7,636.0,210.0
K1W8_FS10-12+FS10-11+Dirt,9862,2071020,-279383.0,-13.49,2287,23.19,783.0,210.0
K1W8_FS10-11+Dirt,9862,2071020,-279383.0,-13.49,2287,23.19,783.0,210.0
K1W8_FS10-12+FavVStr+BigPool,1211,254310,-34587.0,-13.6,473,39.06,465.0,210.0
K1W8_KEE+FS10-12+MidLate,1292,271320,-37052.0,-13.66,242,18.73,968.0,210.0
K1W8_KEE+Sprint+Gap15,445,93450,-12926.0,-13.83,149,33.48,540.0,210.0
K1W8_FS10-12+BigPool+Gap15,5527,1160670,-160507.0,-13.83,1593,28.82,628.0,210.0
K1W8_MidLate+BigPool+CD,2785,584850,-81580.0,-13.95,656,23.55,767.0,210.0
K1W8_CD+Route,2910,611100,-85576.0,-14.0,746,25.64,704.0,210.0
K1W8_CD+Fast,4889,1026690,-144063.0,-14.03,1275,26.08,692.0,210.0
K1W8_KEE+MidLate,2015,423150,-59702.0,-14.11,466,23.13,780.0,210.0
K1W8_FS10-12+Dirt,13332,2799720,-397195.0,-14.19,2879,21.59,834.0,210.0
K1W8_FS10-11+Sprint+Wet,1270,266700,-38071.0,-14.27,275,21.65,831.0,210.0
K1W8_DMR_FS10-11,1419,297990,-42634.0,-14.31,311,21.92,821.0,210.0
K1W8_FavVStr+Dirt+Wet,462,97020,-13931.0,-14.36,236,51.08,352.0,210.0
K1W8_KEE_Fall,1768,371280,-53664.0,-14.45,410,23.19,775.0,210.0
K1W8_FavStr+Wet,2195,460950,-66769.0,-14.49,843,38.41,468.0,210.0
K1W8_Sprint+MidLate+Wet,2921,613410,-89170.0,-14.54,806,27.59,650.0,210.0
K1W8_CD+Dirt,4486,942060,-137424.0,-14.59,1181,26.33,681.0,210.0
K1W8_FS10-11+BigPool+Dirt,7587,1593270,-234691.0,-14.73,1781,23.47,763.0,210.0
K1W8_FS10-11+Sprint+Gap15,2419,507990,-75195.0,-14.8,716,29.6,604.0,210.0
K1W8_FS10-12+Sprint+Dirt,9149,1921290,-284478.0,-14.81,1960,21.42,835.0,210.0
K1W8_CD_FS12-20,1036,217560,-32392.0,-14.89,161,15.54,1150.0,210.0
K1W8_FS10-12+BigPool+Dirt,10252,2152920,-323019.0,-15.0,2261,22.05,809.0,210.0
K1W8_FS10-11+FavStr,4010,842100,-126622.0,-15.04,1289,32.14,555.0,210.0
K1W8_KEE_FS8-9,1123,235830,-35912.0,-15.23,363,32.32,551.0,210.0
K1W8_FS10-12+FavStr,5283,1109430,-169566.0,-15.28,1613,30.53,583.0,210.0
K1W8_CD+FavStr,1526,320460,-49249.0,-15.37,564,36.96,481.0,210.0
K1W8_CD+BigPool,3318,696780,-107246.0,-15.39,789,23.78,747.0,210.0
K1W8_FS10-12+MidLate+Dirt,9712,2039520,-314453.0,-15.42,2073,21.34,832.0,210.0
K1W8_FS10-12+Sprint+Gap15,3252,682920,-106081.0,-15.53,913,28.08,632.0,210.0
K1W8_FS10-11+Sprint+Dirt,6601,1386210,-215925.0,-15.58,1519,23.01,770.0,210.0
K1W8_FS10-11+Fast,15206,3193260,-500155.0,-15.66,3469,22.81,776.0,210.0
K1W_DynK_FavProb_KEE,4020,757734,-119526.0,-15.77,1035,25.75,617.0,188.0
K1W8_FS10-12+Sprint,12229,2568090,-406556.0,-15.83,2557,20.91,845.0,210.0
K1W8_Sprint+Gap15+Wet,1202,252420,-40168.0,-15.91,440,36.61,482.0,210.0
K1W8_FS10-11+MidLate+Dirt,7256,1523760,-243010.0,-15.95,1649,22.73,777.0,210.0
K1W8_FS10-12+FS10-11+Sprint,8783,1844430,-295205.0,-16.01,1972,22.45,786.0,210.0
K1W8_FS10-11+Sprint,8783,1844430,-295205.0,-16.01,1972,22.45,786.0,210.0
K1W8_Sprint+Dirt+CD,2672,561120,-89861.0,-16.01,684,25.6,689.0,210.0
K1W8_FS10-12+Sprint+BigPool,9938,2086980,-336507.0,-16.12,2101,21.14,833.0,210.0
K1W8_FS10-11+Sprint+BigPool,7131,1497510,-241396.0,-16.12,1608,22.55,781.0,210.0
K1W8_KEE+Fast,2516,528360,-85329.0,-16.15,600,23.85,738.0,210.0
K1W8_KEE+FavStr,711,149310,-24237.0,-16.23,249,35.02,502.0,210.0
K1W8_FavVStr+Dirt+CD,364,76440,-12408.0,-16.23,186,51.1,344.0,210.0
K1W8_Gap15+Wet,2342,491820,-80063.0,-16.28,850,36.29,484.0,210.0
K1W8_KEE+MidLate+Gap15,510,107100,-17534.0,-16.37,156,30.59,574.0,210.0
K1W8_FS10-12+Sprint+MidLate,9003,1890630,-309613.0,-16.38,1876,20.84,843.0,210.0
K1W8_OP_FS12-20,1040,218400,-35874.0,-16.43,158,15.19,1155.0,210.0
K1W8_DMR_FS10-12,1812,380520,-62747.0,-16.49,373,20.58,852.0,210.0
K1W8_FS10-11+FS10-12,17867,3752070,-624475.0,-16.64,4022,22.51,778.0,210.0
K1W8_FS10-12+Fast,21301,4473210,-752660.0,-16.83,4478,21.02,831.0,210.0
K1W8_MidLate+Gap15+Wet,1626,341460,-58179.0,-17.04,562,34.56,504.0,210.0
K1W8_Gap15+Route,7716,1620360,-277701.0,-17.14,2872,37.22,468.0,210.0
K1W8_MidLate+Dirt+Gap15,7014,1472940,-253926.0,-17.24,2598,37.04,469.0,210.0
K1W8_FS10-11+Route,9084,1907640,-329270.0,-17.26,2050,22.57,770.0,210.0
K1W8_MTH_FS10-11,1167,245070,-42329.0,-17.27,288,24.68,704.0,210.0
K1W8_CD+Sprint,2900,609000,-105926.0,-17.39,730,25.17,689.0,210.0
K1W8_FavVStr+MidLate+Wet,409,85890,-15081.0,-17.56,201,49.14,352.0,210.0
K1W8_FS10-11+MidLate,13688,2874480,-507248.0,-17.65,3045,22.25,777.0,210.0
K1W8_FS10-12+FS10-11+MidLate,13688,2874480,-507248.0,-17.65,3045,22.25,777.0,210.0
K1W8_route_long_FavStr,828,173880,-30735.0,-17.68,332,40.1,431.0,210.0
K1W_DynK_FavProb_CD,9020,1516926,-268677.0,-17.71,2506,27.78,498.0,168.0
K1W8_route_mid_FavStr,6305,1324050,-234668.0,-17.72,2491,39.51,437.0,210.0
K1W8_FavStr+Route,7133,1497930,-265403.0,-17.72,2823,39.58,437.0,210.0
K1W8_BigPool+Gap15+Wet,1720,361200,-64226.0,-17.78,615,35.76,483.0,210.0
K1W8_Gap15+MidLate,11401,2394210,-426877.0,-17.83,4123,36.16,477.0,210.0
K1W8_FS10-11+Dirt+Wet,1451,304710,-54512.0,-17.89,324,22.33,772.0,210.0
K1W8_FS10-12+MidLate,19107,4012470,-718856.0,-17.92,3936,20.6,837.0,210.0
K1W8_MTH_FS10-12,1439,302190,-54314.0,-17.97,345,23.97,718.0,210.0
K1W8_AQU_FS10-11,1328,278880,-50148.0,-17.98,322,24.25,710.0,210.0
K1W8_DMR_FS8-9,1965,412650,-74304.0,-18.01,617,31.4,548.0,210.0
K1W8_BigPool+Dirt+Gap15,7900,1659000,-299179.0,-18.03,3023,38.27,450.0,210.0
K1W8_SA_FS12-20,632,132720,-23972.0,-18.06,109,17.25,998.0,210.0
K1W8_KEE+Turf,1018,213780,-38637.0,-18.07,216,21.22,811.0,210.0
K1W8_FavVStr+Sprint+Wet,360,75600,-13679.0,-18.09,178,49.44,348.0,210.0
K1W8_FS10-12+FS10-11+BigPool,14813,3110730,-566769.0,-18.22,3346,22.59,760.0,210.0
K1W8_FS10-11+BigPool,14813,3110730,-566769.0,-18.22,3346,22.59,760.0,210.0
K1W8_KEE+FavVStr+BigPool,211,44310,-8098.0,-18.27,93,44.08,389.0,210.0
K1W8_FS10-11+Sprint+MidLate,6503,1365630,-249871.0,-18.3,1445,22.22,772.0,210.0
K1W8_Gap15+Dirt,10670,2240700,-412684.0,-18.42,4080,38.24,448.0,210.0
K1W8_InsidePP+FavStr+MedField,5032,1056720,-194916.0,-18.45,1740,34.58,495.0,210.0
K1W8_FavStr+MidLate,10558,2217180,-409086.0,-18.45,4068,38.53,444.0,210.0
K1W8_MidLate+BigPool+Gap15,9642,2024820,-373951.0,-18.47,3447,35.75,479.0,210.0
K1W8_MidLate+Dirt+Wet,3580,751800,-140428.0,-18.68,1011,28.24,605.0,210.0
K1W8_FavVStr+Gap15+Wet,630,132300,-24824.0,-18.76,308,48.89,349.0,210.0
K1W8_SA_FS10-12,2554,536340,-101164.0,-18.86,558,21.85,780.0,210.0
K1W8_FavVStr+Wet,631,132510,-25034.0,-18.89,308,48.81,349.0,210.0
K1W8_Gap15+BigPool,12995,2728950,-516148.0,-18.91,4768,36.69,464.0,210.0
K1W8_FS10-12+BigPool,20985,4406850,-834576.0,-18.94,4386,20.9,814.0,210.0
K1W8_Wet+MidLate,5993,1258530,-238424.0,-18.94,1562,26.06,653.0,210.0
K1W8_FavVStr+Gap15+CD,434,91140,-17348.0,-19.03,213,49.08,346.0,210.0
K1W8_CD+FavVStr,434,91140,-17348.0,-19.03,213,49.08,346.0,210.0
K1W8_Sprint+BigPool+Wet,3006,631260,-120419.0,-19.08,814,27.08,628.0,210.0
K1W8_FavStr+Dirt,10563,2218230,-423665.0,-19.1,4241,40.15,423.0,210.0
K1W8_FS10-12+MidLate+BigPool,16878,3544380,-677547.0,-19.12,3487,20.66,822.0,210.0
K1W8_FS10-11+MidLate+BigPool,11921,2503410,-479838.0,-19.17,2663,22.34,760.0,210.0
K1W8_KEE+Route,1515,318150,-61400.0,-19.3,341,22.51,753.0,210.0
K1W8_FavStr+Gap15,13742,2885820,-558559.0,-19.36,5431,39.52,429.0,210.0
K1W8_Sprint+Wet,4266,895860,-173519.0,-19.37,1155,27.07,625.0,210.0
K1W8_CD+Turf,1324,278040,-54078.0,-19.45,295,22.28,759.0,210.0
K1W8_FS10-12+Route,12762,2680020,-523855.0,-19.55,2641,20.69,816.0,210.0
K1W8_FavVStr+MidLate+Dirt,2203,462630,-90762.0,-19.62,1076,48.84,346.0,210.0
K1W8_FavVStr+Sprint+CD,233,48930,-9606.0,-19.63,116,49.79,339.0,210.0
K1W8_AQU_FS10-12,1730,363300,-71388.0,-19.65,386,22.31,756.0,210.0
K1W8_FS10-12+Sprint+Wet,1766,370860,-72983.0,-19.68,353,19.99,844.0,210.0
K1W8_Gap15+Fast,14261,2994810,-592406.0,-19.78,5301,37.17,453.0,210.0
K1W8_KEE_FS12-20,805,169050,-33673.0,-19.92,129,16.02,1049.0,210.0
K1W8_Sprint+MidLate+Gap15,5838,1225980,-244305.0,-19.93,2103,36.02,467.0,210.0
K1W8_Sprint+Dirt+Gap15,7183,1508430,-301028.0,-19.96,2703,37.63,447.0,210.0
K1W8_FS10-11+MidLate+Wet,2000,420000,-84111.0,-20.03,404,20.2,831.0,210.0
K1W8_FavStr+BigPool,12225,2567250,-514164.0,-20.03,4772,39.03,430.0,210.0
K1W8_SA_FS10-11,2037,427770,-86044.0,-20.11,464,22.78,736.0,210.0
K1W_DynK_FavProb_FS10-12,24991,5831838,-1173829.0,-20.13,4948,19.8,941.0,233.0
K1W8_LateCard+FavStr,6869,1442490,-291655.0,-20.22,2572,37.44,447.0,210.0
K1W8_Q4,13039,2738190,-556846.0,-20.34,3405,26.11,641.0,210.0
K1W8_Sprint+BigPool+Gap15,6844,1437240,-292744.0,-20.37,2515,36.75,455.0,210.0
K1W8_FS10-12+Dirt+Wet,1935,406350,-83245.0,-20.49,398,20.57,812.0,210.0
K1W8_FS10-11+Turf,8005,1681050,-345092.0,-20.53,1735,21.67,770.0,210.0
K1W8_MidLate+BigPool+Wet,4781,1004010,-206325.0,-20.55,1225,25.62,651.0,210.0
K1W8_Q2,14284,2999640,-617077.0,-20.57,3901,27.31,611.0,210.0
K1W8_Turf+Wet,3162,664020,-136705.0,-20.59,756,23.91,698.0,210.0
K1W8_FavVStr+Route,2098,440580,-91245.0,-20.71,1035,49.33,338.0,210.0
K1W8_Dirt+Wet,5327,1118670,-232075.0,-20.75,1497,28.1,592.0,210.0
K1W8_Gap15+Turf,5946,1248660,-259726.0,-20.8,2075,34.9,477.0,210.0
K1W8_FavStr+Fast,13653,2867130,-599295.0,-20.9,5378,39.39,422.0,210.0
K1W8_FavVStr+MidLate+Gap15,3147,660870,-138336.0,-20.93,1515,48.14,345.0,210.0
K1W_DynK_FavProb_FS10-11,17867,4089636,-856867.0,-20.95,3782,21.17,855.0,229.0
K1W8_FavVStr+MidLate,3153,662130,-139430.0,-21.06,1518,48.14,344.0,210.0
K1W8_FS10-12+MidLate+Wet,2738,574980,-121088.0,-21.06,526,19.21,863.0,210.0
K1W8_FavPP_Outside_9-20,7921,1663410,-350568.0,-21.08,1641,20.72,800.0,210.0
K1W8_Gap15+Sprint,8900,1869000,-394710.0,-21.12,3283,36.89,449.0,210.0
K1W_DynK_Entropy,90005,12049710,-2560938.0,-21.25,25205,28.0,376.0,134.0
K1W8_FavVStr+BigPool+Dirt,2674,561540,-119441.0,-21.27,1315,49.18,336.0,210.0
K1W8_BigPool+Dirt+Wet,3465,727650,-154839.0,-21.28,985,28.43,582.0,210.0
K1W8_Wet+BigPool,6122,1285620,-273603.0,-21.28,1609,26.28,629.0,210.0
K1W8_Sprint+Gap15+CD,845,177450,-37845.0,-21.33,289,34.2,483.0,210.0
K1W8_MidLate+CD+Wet,690,144900,-30970.0,-21.37,144,20.87,791.0,210.0
K1W8_CardMid_5-8,26301,5523210,-1181066.0,-21.38,7063,26.85,615.0,210.0
K1W8_FavPP_Middle_5-8,23447,4923870,-1054066.0,-21.41,6563,27.99,590.0,210.0
K1W8_FavVStr+Sprint+MidLate,1709,358890,-77010.0,-21.46,804,47.05,351.0,210.0
K1W8_FavVStr+Sprint+Dirt,2375,498750,-107131.0,-21.48,1148,48.34,341.0,210.0
K1W8_Dirt+MidLate,23017,4833570,-1040568.0,-21.53,6283,27.3,604.0,210.0
K1W8_FavVStr+Dirt,3514,737940,-158945.0,-21.54,1723,49.03,336.0,210.0
K1W8_FavVStr+Dirt+Gap15,3506,736260,-158839.0,-21.57,1718,49.0,336.0,210.0
K1W8_KEE+FavVStr,233,48930,-10573.0,-21.61,104,44.64,369.0,210.0
K1W8_KEE+FavVStr+Gap15,233,48930,-10573.0,-21.61,104,44.64,369.0,210.0
K1W8_FS10-12+Turf,11659,2448390,-533216.0,-21.78,2319,19.89,826.0,210.0
K1W8_Route+MidLate,20327,4268670,-929735.0,-21.78,5237,25.76,638.0,210.0
K1W8_MTH_FS12-20,286,60060,-13083.0,-21.78,58,20.28,810.0,210.0
K1W8_Sprint+Dirt+Wet,3406,715260,-155829.0,-21.79,930,27.3,602.0,210.0
K1W8_Sprint+MidLate+BigPool,16113,3383730,-738990.0,-21.84,4263,26.46,620.0,210.0
K1W8_FavStr+Turf,5292,1111320,-242876.0,-21.85,1982,37.45,438.0,210.0
K1W8_FavStr+Sprint,8722,1831620,-401138.0,-21.9,3400,38.98,421.0,210.0
K1W8_Route+Dirt,11635,2443350,-535134.0,-21.9,3317,28.51,575.0,210.0
K1W8_sprint_FavStr,8722,1831620,-401138.0,-21.9,3400,38.98,421.0,210.0
K1W8_route_mid,24285,5099850,-1118074.0,-21.92,6493,26.74,613.0,210.0
K1W8_Dirt+CD+Wet,616,129360,-28375.0,-21.94,147,23.86,687.0,210.0
K1W8_Sprint+BigPool,21863,4591230,-1009437.0,-21.99,5933,27.14,604.0,210.0
K1W8_Route+Fast,23398,4913580,-1082104.0,-22.02,6262,26.76,612.0,210.0
K1W8_Route+Wet,4223,886830,-195261.0,-22.02,1098,26.0,630.0,210.0
K1W8_Sprint+BigPool+Dirt,16375,3438750,-759020.0,-22.07,4575,27.94,586.0,210.0
K1W8_FavVStr+BigPool,3798,797580,-176062.0,-22.07,1817,47.84,342.0,210.0
K1W8_Dirt+BigPool,24421,5128410,-1132679.0,-22.09,6887,28.2,580.0,210.0
K1W8_Sprint+MidLate,19617,4119570,-910817.0,-22.11,5204,26.53,617.0,210.0
K1W8_FavVStr+BigPool+Gap15,3791,796110,-176063.0,-22.12,1813,47.82,342.0,210.0
K1W8_FavVStr+BigPool+Wet,463,97230,-21511.0,-22.12,218,47.08,347.0,210.0
K1W8_Sprint+MidLate+Dirt,14995,3148950,-697048.0,-22.14,4060,27.08,604.0,210.0
K1W8_Route+Turf,16046,3369660,-749485.0,-22.24,4052,25.25,647.0,210.0
K1W8_FavStr+FavVStr,4889,1026690,-228900.0,-22.29,2353,48.13,339.0,210.0
K1W8_FS10-11+Wet,2641,554610,-123608.0,-22.29,548,20.75,786.0,210.0
K1W8_FS10-12+FS10-11+Wet,2641,554610,-123608.0,-22.29,548,20.75,786.0,210.0
K1W8_FavVStr+Gap15,4879,1024590,-228439.0,-22.3,2347,48.1,339.0,210.0
K1W8_MidLate+BigPool+Dirt,18036,3787560,-845406.0,-22.32,4933,27.35,596.0,210.0
K1W8_Fast+MidLate,33894,7117740,-1597288.0,-22.44,8869,26.17,622.0,210.0
K1W8_Sprint+Dirt,22652,4756920,-1069631.0,-22.49,6293,27.78,586.0,210.0
K1W8_Turf+MidLate,16927,3554670,-799984.0,-22.51,4158,24.56,662.0,210.0
K1W8_FavVStr+MidLate+BigPool,2668,560280,-126174.0,-22.52,1262,47.3,344.0,210.0
K1W8_sprint,29020,6094200,-1373980.0,-22.55,7914,27.27,596.0,210.0
K1W8_Dirt+Fast,28958,6081180,-1372915.0,-22.58,8112,28.01,580.0,210.0
K1W8_MidLate+BigPool,33282,6989220,-1578550.0,-22.59,8619,25.9,628.0,210.0
K1W8_Turf+Fast,19184,4028640,-910279.0,-22.6,4906,25.57,636.0,210.0
K1W8_Sprint+Turf,6368,1337280,-304348.0,-22.76,1621,25.46,637.0,210.0
K1W8_FavVStr+Fast,4256,893760,-203446.0,-22.76,2045,48.05,338.0,210.0
K1W8_Fast+BigPool,37409,7855890,-1791456.0,-22.8,9992,26.71,607.0,210.0
K1W8_CD_FS8-9,2859,600390,-137186.0,-22.85,882,30.85,525.0,210.0
K1W8_FS10-12+Wet,3654,767340,-176417.0,-22.99,713,19.51,829.0,210.0
K1W8_FavVStr+Sprint+BigPool,2148,451080,-103697.0,-22.99,1008,46.93,345.0,210.0
K1W8_CardLate_9-14,13643,2865030,-659487.0,-23.02,3378,24.76,653.0,210.0
K1W8_Sprint+Fast,24744,5196240,-1201090.0,-23.11,6756,27.3,591.0,210.0
K1W8_CardEarly_1-4,16757,3518970,-818046.0,-23.25,4842,28.9,558.0,210.0
K1W8_Route+BigPool,21733,4563930,-1061197.0,-23.25,5680,26.14,617.0,210.0
K1W8_Turf+BigPool,19175,4026750,-937955.0,-23.29,4726,24.65,654.0,210.0
K1W8_route_long,3396,713160,-166545.0,-23.35,876,25.8,624.0,210.0
K1W8_FS10-11+BigPool+Wet,2046,429660,-100636.0,-23.42,428,20.92,769.0,210.0
K1W8_FavVStr+Sprint,2791,586110,-137655.0,-23.49,1318,47.22,340.0,210.0
K1W8_SAR_FS8-9,1831,384510,-90463.0,-23.53,540,29.49,545.0,210.0
K1W8_Q3,14707,3088470,-727219.0,-23.55,4008,27.25,589.0,210.0
K1W8_FavPP_Inside_1-4,25333,5319930,-1253965.0,-23.57,7079,27.94,574.0,210.0
K1W8_FavVStr+Sprint+Gap15,2786,585060,-138117.0,-23.61,1315,47.2,340.0,210.0
Henery_a1.20_Top120,90004,10800384,-2575346.0,-23.84,37901,42.11,217.0,120.0
K1W8_GP_FS10-11,4220,886200,-212338.0,-23.96,926,21.94,728.0,210.0
K1W8_FS10-12+BigPool+Wet,2905,610050,-146168.0,-23.96,569,19.59,815.0,210.0
Henery_a1.10_Top120,90004,10800384,-2591292.0,-23.99,37861,42.07,217.0,120.0
Henery_a1.00_Top120,90004,10800384,-2592702.0,-24.01,37841,42.04,217.0,120.0
K1W8_SAR_Summer,2815,591150,-142196.0,-24.05,702,24.94,640.0,210.0
Henery_a0.90_Top120,90004,10800384,-2609604.0,-24.16,37776,41.97,217.0,120.0
K1W8_CD+Wet,917,192570,-46598.0,-24.2,201,21.92,726.0,210.0
K1W8_FavVStr+Turf,1375,288750,-69955.0,-24.23,630,45.82,347.0,210.0
Henery_a0.81_Top120,90004,10800384,-2637245.0,-24.42,37714,41.9,216.0,120.0
Henery_a0.70_Top120,90004,10800384,-2639484.0,-24.44,37673,41.86,217.0,120.0
K1W_DynK_FavProb,90005,14700024,-3599665.0,-24.49,26299,29.22,422.0,163.0
K1W8_DMR_FS12-20,433,90930,-22271.0,-24.49,65,15.01,1056.0,210.0
K1W8_Q1,14671,3080910,-757457.0,-24.59,3969,27.05,585.0,210.0
Henery_a1.20_Top210,90004,18898674,-4660177.0,-24.66,48964,54.4,291.0,210.0
K1W8_AQU_FS8-9,3158,663180,-163916.0,-24.72,1027,32.52,486.0,210.0
Henery_a1.10_Top210,90004,18898674,-4692397.0,-24.83,48928,54.36,290.0,210.0
K1W8_GP_FS10-12,6126,1286460,-319518.0,-24.84,1247,20.36,775.0,210.0
Henery_a1.00_Top210,90004,18898674,-4716184.0,-24.96,48914,54.35,290.0,210.0
K1W8_Sprint+CD+Wet,377,79170,-19781.0,-24.99,83,22.02,716.0,210.0
Henery_a0.90_Top210,90004,18898674,-4732748.0,-25.04,48881,54.31,290.0,210.0
Henery_a0.81_Top210,90004,18898674,-4748540.0,-25.13,48858,54.28,290.0,210.0
Henery_a0.70_Top210,90004,18898674,-4760429.0,-25.19,48819,54.24,290.0,210.0
K1W8_GP_FS12-20,2202,462420,-118567.0,-25.64,371,16.85,927.0,210.0
Henery_a0.90_Top210_FS10-12,24991,5248110,-1372090.0,-26.14,7355,29.43,527.0,210.0
Henery_a0.81_Top210_FS10-12,24991,5248110,-1382053.0,-26.33,7336,29.35,527.0,210.0
K1W8_SAR_FS10-11,1086,228060,-60706.0,-26.62,219,20.17,764.0,210.0
K1W8_MTH_FS8-9,2857,599970,-163155.0,-27.19,991,34.69,441.0,210.0
K1W8_OP_FS8-9,2320,487200,-136403.0,-28.0,723,31.16,485.0,210.0
K1W8_GP_FS8-9,8072,1695120,-480946.0,-28.37,2668,33.05,455.0,210.0
K1W8_FS10-11+CD+Wet,319,66990,-19179.0,-28.63,58,18.18,824.0,210.0
K1W8_AQU_FS12-20,444,93240,-27424.0,-29.41,68,15.32,968.0,210.0
K1W8_SAR_FS10-12,1361,285810,-84407.0,-29.53,255,18.74,790.0,210.0
K1W8_BigPool+CD+Wet,528,110880,-33471.0,-30.19,100,18.94,774.0,210.0
K1W8_SA_FS8-9,3878,814380,-246001.0,-30.21,1243,32.05,457.0,210.0
K1W8_FS10-12+CD+Wet,459,96390,-31192.0,-32.36,75,16.34,869.0,210.0
K1W8_SAR_FS12-20,303,63630,-24432.0,-38.4,41,13.53,956.0,210.0
